{"cameraMode":{"drawMode":0,"name":"Shaded","section":"Shading Mode"},"sceneLighting":true,"audioPlay":false,"sceneViewState":{"m_AlwaysRefresh":false,"showFog":true,"showSkybox":true,"showFlares":true,"showImageEffects":true,"showParticleSystems":true,"showVisualEffectGraphs":true,"m_FxEnabled":true},"in2DMode":false,"pivot":{"x":-2.1220529079437258,"y":-16.03084945678711,"z":-12.479293823242188},"rotation":{"x":0.004438134841620922,"y":0.8937777876853943,"z":-0.44840094447135928,"w":0.008847936987876892},"size":26.66349983215332,"orthographic":false}