{"cameraMode":{"drawMode":0,"name":"Shaded","section":"Shading Mode"},"sceneLighting":true,"audioPlay":false,"sceneViewState":{"m_AlwaysRefresh":false,"showFog":true,"showSkybox":true,"showFlares":true,"showImageEffects":true,"showParticleSystems":true,"showVisualEffectGraphs":true,"m_FxEnabled":true},"in2DMode":false,"pivot":{"x":0.25876492261886599,"y":2.7615280151367189,"z":-3.9278793334960939},"rotation":{"x":0.31920328736305239,"y":0.0071075656451284889,"z":-0.002394066657871008,"w":0.947656512260437},"size":11.190145492553711,"orthographic":false}