{"cameraMode":{"drawMode":0,"name":"Shaded","section":"Shading Mode"},"sceneLighting":true,"audioPlay":false,"sceneViewState":{"m_AlwaysRefresh":false,"showFog":true,"showSkybox":true,"showFlares":true,"showImageEffects":true,"showParticleSystems":true,"showVisualEffectGraphs":true,"m_FxEnabled":true},"in2DMode":false,"pivot":{"x":-2.0667760372161867,"y":-12.877548217773438,"z":6.99151611328125},"rotation":{"x":0.34800276160240176,"y":-0.01687360554933548,"z":0.006264736410230398,"w":0.9373213648796082},"size":23.57406234741211,"orthographic":false}