{"cameraMode":{"drawMode":0,"name":"Shaded","section":"Shading Mode"},"sceneLighting":true,"audioPlay":false,"sceneViewState":{"m_AlwaysRefresh":false,"showFog":true,"showSkybox":true,"showFlares":true,"showImageEffects":true,"showParticleSystems":true,"showVisualEffectGraphs":true,"m_FxEnabled":true},"in2DMode":false,"pivot":{"x":-2.1257758140563967,"y":1.0041532516479493,"z":6.4405364990234379},"rotation":{"x":0.36621353030204775,"y":-0.01674824394285679,"z":0.006592554040253162,"w":0.9303574562072754},"size":23.5052490234375,"orthographic":false}