{"cameraMode":{"drawMode":0,"name":"Shaded","section":"Shading Mode"},"sceneLighting":false,"audioPlay":false,"sceneViewState":{"m_AlwaysRefresh":false,"showFog":true,"showSkybox":false,"showFlares":true,"showImageEffects":true,"showParticleSystems":true,"showVisualEffectGraphs":true,"m_FxEnabled":true},"in2DMode":false,"pivot":{"x":-8.678000450134278,"y":1.6649999618530274,"z":-8.840200424194336},"rotation":{"x":0.3437984883785248,"y":0.014084918424487114,"z":-0.0051573533564805988,"w":0.9389249086380005},"size":1.883338451385498,"orthographic":false}